seriesID,industry,year,month,hourly_wage,Annual_wage
CES1000000003,Mining and logging,2021,M12,"34,98",72751
CES1000000003,Mining and logging,2021,M11,"34,98",72751
CES1000000003,Mining and logging,2021,M10,"34,98",72751
CES1000000003,Mining and logging,2021,M09,"34,98",72751
CES1000000003,Mining and logging,2021,M08,"35,53",72751
CES1000000003,Mining and logging,2021,M07,"35,32",72751
CES1000000003,Mining and logging,2021,M06,"35,06",72751
CES1000000003,Mining and logging,2021,M05,"34,99",72751
CES1000000003,Mining and logging,2021,M04,35,72751
CES1000000003,Mining and logging,2021,M03,"34,55",72751
CES1000000003,Mining and logging,2021,M02,"34,78",72751
CES1000000003,Mining and logging,2021,M01,"34,58",72751
CES1000000003,Mining and logging,2020,M12,"34,67",72140
CES1000000003,Mining and logging,2020,M11,"34,47",72140
CES1000000003,Mining and logging,2020,M10,"34,89",72140
CES1000000003,Mining and logging,2020,M09,"34,89",72140
CES1000000003,Mining and logging,2020,M08,"34,8",72140
CES1000000003,Mining and logging,2020,M07,"34,84",72140
CES1000000003,Mining and logging,2020,M06,"34,94",72140
CES1000000003,Mining and logging,2020,M05,"34,87",72140
CES1000000003,Mining and logging,2020,M04,"34,74",72140
CES1000000003,Mining and logging,2020,M03,"34,43",72140
CES1000000003,Mining and logging,2020,M02,"34,41",72140
CES1000000003,Mining and logging,2020,M01,"34,24",72140
CES1000000003,Mining and logging,2019,M12,"34,38",70113
CES1000000003,Mining and logging,2019,M11,"34,36",70113
CES1000000003,Mining and logging,2019,M10,"34,53",70113
CES1000000003,Mining and logging,2019,M09,"34,25",70113
CES1000000003,Mining and logging,2019,M08,34,70113
CES1000000003,Mining and logging,2019,M07,"33,97",70113
CES1000000003,Mining and logging,2019,M06,"33,57",70113
CES1000000003,Mining and logging,2019,M05,"33,4",70113
CES1000000003,Mining and logging,2019,M04,"33,3",70113
CES1000000003,Mining and logging,2019,M03,"32,99",70113
CES1000000003,Mining and logging,2019,M02,"32,99",70113
CES1000000003,Mining and logging,2019,M01,"32,76",70113
CES1000000003,Mining and logging,2018,M12,"32,67",67595
CES1000000003,Mining and logging,2018,M11,"32,73",67595
CES1000000003,Mining and logging,2018,M10,"32,59",67595
CES1000000003,Mining and logging,2018,M09,"32,83",67595
CES1000000003,Mining and logging,2018,M08,"32,57",67595
CES1000000003,Mining and logging,2018,M07,"32,41",67595
CES1000000003,Mining and logging,2018,M06,"32,47",67595
CES1000000003,Mining and logging,2018,M05,"32,27",67595
CES1000000003,Mining and logging,2018,M04,"32,38",67595
CES1000000003,Mining and logging,2018,M03,"32,47",67595
CES1000000003,Mining and logging,2018,M02,"32,26",67595
CES1000000003,Mining and logging,2018,M01,"32,32",67595
CES1000000003,Mining and logging,2017,M12,"32,16",66747
CES1000000003,Mining and logging,2017,M11,"32,11",66747
CES1000000003,Mining and logging,2017,M10,"32,02",66747
CES1000000003,Mining and logging,2017,M09,"31,94",66747
CES1000000003,Mining and logging,2017,M08,"32,02",66747
CES1000000003,Mining and logging,2017,M07,"32,18",66747
CES1000000003,Mining and logging,2017,M06,"31,88",66747
CES1000000003,Mining and logging,2017,M05,"31,83",66747
CES1000000003,Mining and logging,2017,M04,"31,83",66747
CES1000000003,Mining and logging,2017,M03,"32,05",66747
CES1000000003,Mining and logging,2017,M02,"32,19",66747
CES1000000003,Mining and logging,2017,M01,"32,87",66747
CES1000000003,Mining and logging,2016,M12,"32,04",66404
CES1000000003,Mining and logging,2016,M11,"31,9",66404
CES1000000003,Mining and logging,2016,M10,"31,98",66404
CES1000000003,Mining and logging,2016,M09,"31,83",66404
CES1000000003,Mining and logging,2016,M08,"31,63",66404
CES1000000003,Mining and logging,2016,M07,"31,98",66404
CES1000000003,Mining and logging,2016,M06,"32,08",66404
CES1000000003,Mining and logging,2016,M05,"32,1",66404
CES1000000003,Mining and logging,2016,M04,"31,98",66404
CES1000000003,Mining and logging,2016,M03,"31,97",66404
CES1000000003,Mining and logging,2016,M02,"31,82",66404
CES1000000003,Mining and logging,2016,M01,"31,79",66404
CES2000000003,Construction,2021,M12,"32,62",67847
CES2000000003,Construction,2021,M11,"32,62",67847
CES2000000003,Construction,2021,M10,"32,62",67847
CES2000000003,Construction,2021,M09,"32,62",67847
CES2000000003,Construction,2021,M08,"33,07",67847
CES2000000003,Construction,2021,M07,"32,95",67847
CES2000000003,Construction,2021,M06,"32,86",67847
CES2000000003,Construction,2021,M05,"32,75",67847
CES2000000003,Construction,2021,M04,"32,59",67847
CES2000000003,Construction,2021,M03,"32,28",67847
CES2000000003,Construction,2021,M02,"32,28",67847
CES2000000003,Construction,2021,M01,"32,17",67847
CES2000000003,Construction,2020,M12,"32,09",65829
CES2000000003,Construction,2020,M11,"31,97",65829
CES2000000003,Construction,2020,M10,"31,87",65829
CES2000000003,Construction,2020,M09,"31,82",65829
CES2000000003,Construction,2020,M08,"31,82",65829
CES2000000003,Construction,2020,M07,"31,74",65829
CES2000000003,Construction,2020,M06,"31,63",65829
CES2000000003,Construction,2020,M05,"31,5",65829
CES2000000003,Construction,2020,M04,"31,38",65829
CES2000000003,Construction,2020,M03,"31,37",65829
CES2000000003,Construction,2020,M02,"31,36",65829
CES2000000003,Construction,2020,M01,"31,23",65829
CES2000000003,Construction,2019,M12,"31,16",63984
CES2000000003,Construction,2019,M11,"31,12",63984
CES2000000003,Construction,2019,M10,31,63984
CES2000000003,Construction,2019,M09,"30,89",63984
CES2000000003,Construction,2019,M08,"30,88",63984
CES2000000003,Construction,2019,M07,"30,76",63984
CES2000000003,Construction,2019,M06,"30,74",63984
CES2000000003,Construction,2019,M05,"30,7",63984
CES2000000003,Construction,2019,M04,"30,63",63984
CES2000000003,Construction,2019,M03,"30,5",63984
CES2000000003,Construction,2019,M02,"30,43",63984
CES2000000003,Construction,2019,M01,"30,33",63984
CES2000000003,Construction,2018,M12,"30,46",62178
CES2000000003,Construction,2018,M11,"30,28",62178
CES2000000003,Construction,2018,M10,"30,25",62178
CES2000000003,Construction,2018,M09,"30,19",62178
CES2000000003,Construction,2018,M08,"30,02",62178
CES2000000003,Construction,2018,M07,"29,95",62178
CES2000000003,Construction,2018,M06,"29,78",62178
CES2000000003,Construction,2018,M05,"29,71",62178
CES2000000003,Construction,2018,M04,"29,66",62178
CES2000000003,Construction,2018,M03,"29,49",62178
CES2000000003,Construction,2018,M02,"29,54",62178
CES2000000003,Construction,2018,M01,"29,39",62178
CES2000000003,Construction,2017,M12,"29,3",60084
CES2000000003,Construction,2017,M11,"29,22",60084
CES2000000003,Construction,2017,M10,"29,12",60084
CES2000000003,Construction,2017,M09,"29,16",60084
CES2000000003,Construction,2017,M08,29,60084
CES2000000003,Construction,2017,M07,"28,95",60084
CES2000000003,Construction,2017,M06,"28,89",60084
CES2000000003,Construction,2017,M05,"28,73",60084
CES2000000003,Construction,2017,M04,"28,61",60084
CES2000000003,Construction,2017,M03,"28,61",60084
CES2000000003,Construction,2017,M02,"28,52",60084
CES2000000003,Construction,2017,M01,"28,53",60084
CES2000000003,Construction,2016,M12,"28,43",58458
CES2000000003,Construction,2016,M11,"28,35",58458
CES2000000003,Construction,2016,M10,"28,42",58458
CES2000000003,Construction,2016,M09,"28,21",58458
CES2000000003,Construction,2016,M08,"28,2",58458
CES2000000003,Construction,2016,M07,"28,2",58458
CES2000000003,Construction,2016,M06,"28,12",58458
CES2000000003,Construction,2016,M05,"28,08",58458
CES2000000003,Construction,2016,M04,"27,97",58458
CES2000000003,Construction,2016,M03,"27,87",58458
CES2000000003,Construction,2016,M02,"27,75",58458
CES2000000003,Construction,2016,M01,"27,66",58458
CES3000000003,Manufacturing,2021,M12,"29,44",61227
CES3000000003,Manufacturing,2021,M11,"29,44",61227
CES3000000003,Manufacturing,2021,M10,"29,44",61227
CES3000000003,Manufacturing,2021,M09,"29,44",61227
CES3000000003,Manufacturing,2021,M08,"29,85",61227
CES3000000003,Manufacturing,2021,M07,"29,75",61227
CES3000000003,Manufacturing,2021,M06,"29,62",61227
CES3000000003,Manufacturing,2021,M05,"29,54",61227
CES3000000003,Manufacturing,2021,M04,"29,36",61227
CES3000000003,Manufacturing,2021,M03,"29,18",61227
CES3000000003,Manufacturing,2021,M02,"29,14",61227
CES3000000003,Manufacturing,2021,M01,"29,05",61227
CES3000000003,Manufacturing,2020,M12,29,59852
CES3000000003,Manufacturing,2020,M11,"28,99",59852
CES3000000003,Manufacturing,2020,M10,"28,86",59852
CES3000000003,Manufacturing,2020,M09,"28,9",59852
CES3000000003,Manufacturing,2020,M08,"28,95",59852
CES3000000003,Manufacturing,2020,M07,"28,81",59852
CES3000000003,Manufacturing,2020,M06,"28,64",59852
CES3000000003,Manufacturing,2020,M05,"29,06",59852
CES3000000003,Manufacturing,2020,M04,"29,31",59852
CES3000000003,Manufacturing,2020,M03,"28,37",59852
CES3000000003,Manufacturing,2020,M02,"28,23",59852
CES3000000003,Manufacturing,2020,M01,"28,18",59852
CES3000000003,Manufacturing,2019,M12,"28,14",57621
CES3000000003,Manufacturing,2019,M11,"28,03",57621
CES3000000003,Manufacturing,2019,M10,"27,93",57621
CES3000000003,Manufacturing,2019,M09,"27,89",57621
CES3000000003,Manufacturing,2019,M08,"27,82",57621
CES3000000003,Manufacturing,2019,M07,"27,75",57621
CES3000000003,Manufacturing,2019,M06,"27,67",57621
CES3000000003,Manufacturing,2019,M05,"27,58",57621
CES3000000003,Manufacturing,2019,M04,"27,48",57621
CES3000000003,Manufacturing,2019,M03,"27,46",57621
CES3000000003,Manufacturing,2019,M02,"27,41",57621
CES3000000003,Manufacturing,2019,M01,"27,27",57621
CES3000000003,Manufacturing,2018,M12,"27,3",56254
CES3000000003,Manufacturing,2018,M11,"27,25",56254
CES3000000003,Manufacturing,2018,M10,"27,16",56254
CES3000000003,Manufacturing,2018,M09,"27,13",56254
CES3000000003,Manufacturing,2018,M08,"27,09",56254
CES3000000003,Manufacturing,2018,M07,"27,02",56254
CES3000000003,Manufacturing,2018,M06,"27,03",56254
CES3000000003,Manufacturing,2018,M05,"26,99",56254
CES3000000003,Manufacturing,2018,M04,"26,95",56254
CES3000000003,Manufacturing,2018,M03,"26,9",56254
CES3000000003,Manufacturing,2018,M02,"26,84",56254
CES3000000003,Manufacturing,2018,M01,"26,88",56254
CES3000000003,Manufacturing,2017,M12,"26,77",55304
CES3000000003,Manufacturing,2017,M11,"26,73",55304
CES3000000003,Manufacturing,2017,M10,"26,74",55304
CES3000000003,Manufacturing,2017,M09,"26,7",55304
CES3000000003,Manufacturing,2017,M08,"26,61",55304
CES3000000003,Manufacturing,2017,M07,"26,68",55304
CES3000000003,Manufacturing,2017,M06,"26,57",55304
CES3000000003,Manufacturing,2017,M05,"26,54",55304
CES3000000003,Manufacturing,2017,M04,"26,55",55304
CES3000000003,Manufacturing,2017,M03,"26,41",55304
CES3000000003,Manufacturing,2017,M02,"26,4",55304
CES3000000003,Manufacturing,2017,M01,"26,36",55304
CES3000000003,Manufacturing,2016,M12,"26,32",54071
CES3000000003,Manufacturing,2016,M11,"26,25",54071
CES3000000003,Manufacturing,2016,M10,"26,28",54071
CES3000000003,Manufacturing,2016,M09,"26,12",54071
CES3000000003,Manufacturing,2016,M08,"26,13",54071
CES3000000003,Manufacturing,2016,M07,26,54071
CES3000000003,Manufacturing,2016,M06,"25,99",54071
CES3000000003,Manufacturing,2016,M05,"25,97",54071
CES3000000003,Manufacturing,2016,M04,"25,86",54071
CES3000000003,Manufacturing,2016,M03,"25,76",54071
CES3000000003,Manufacturing,2016,M02,"25,66",54071
CES3000000003,Manufacturing,2016,M01,"25,61",54071
CES4000000003,"Trade, transportation, and utilities",2021,M12,"26,1",54285
CES4000000003,"Trade, transportation, and utilities",2021,M11,"26,1",54285
CES4000000003,"Trade, transportation, and utilities",2021,M10,"26,1",54285
CES4000000003,"Trade, transportation, and utilities",2021,M09,"26,1",54285
CES4000000003,"Trade, transportation, and utilities",2021,M08,"26,61",54285
CES4000000003,"Trade, transportation, and utilities",2021,M07,"26,48",54285
CES4000000003,"Trade, transportation, and utilities",2021,M06,"26,35",54285
CES4000000003,"Trade, transportation, and utilities",2021,M05,"26,16",54285
CES4000000003,"Trade, transportation, and utilities",2021,M04,"26,02",54285
CES4000000003,"Trade, transportation, and utilities",2021,M03,"25,79",54285
CES4000000003,"Trade, transportation, and utilities",2021,M02,"25,68",54285
CES4000000003,"Trade, transportation, and utilities",2021,M01,"25,7",54285
CES4000000003,"Trade, transportation, and utilities",2020,M12,"25,67",52485
CES4000000003,"Trade, transportation, and utilities",2020,M11,"25,47",52485
CES4000000003,"Trade, transportation, and utilities",2020,M10,"25,41",52485
CES4000000003,"Trade, transportation, and utilities",2020,M09,"25,55",52485
CES4000000003,"Trade, transportation, and utilities",2020,M08,"25,41",52485
CES4000000003,"Trade, transportation, and utilities",2020,M07,"25,3",52485
CES4000000003,"Trade, transportation, and utilities",2020,M06,"25,02",52485
CES4000000003,"Trade, transportation, and utilities",2020,M05,"25,34",52485
CES4000000003,"Trade, transportation, and utilities",2020,M04,"25,62",52485
CES4000000003,"Trade, transportation, and utilities",2020,M03,"24,76",52485
CES4000000003,"Trade, transportation, and utilities",2020,M02,"24,65",52485
CES4000000003,"Trade, transportation, and utilities",2020,M01,"24,6",52485
CES4000000003,"Trade, transportation, and utilities",2019,M12,"24,47",50348
CES4000000003,"Trade, transportation, and utilities",2019,M11,"24,5",50348
CES4000000003,"Trade, transportation, and utilities",2019,M10,"24,41",50348
CES4000000003,"Trade, transportation, and utilities",2019,M09,"24,37",50348
CES4000000003,"Trade, transportation, and utilities",2019,M08,"24,37",50348
CES4000000003,"Trade, transportation, and utilities",2019,M07,"24,26",50348
CES4000000003,"Trade, transportation, and utilities",2019,M06,"24,2",50348
CES4000000003,"Trade, transportation, and utilities",2019,M05,"24,12",50348
CES4000000003,"Trade, transportation, and utilities",2019,M04,"24,01",50348
CES4000000003,"Trade, transportation, and utilities",2019,M03,"24,03",50348
CES4000000003,"Trade, transportation, and utilities",2019,M02,"23,93",50348
CES4000000003,"Trade, transportation, and utilities",2019,M01,"23,8",50348
CES4000000003,"Trade, transportation, and utilities",2018,M12,"23,8",48495
CES4000000003,"Trade, transportation, and utilities",2018,M11,"23,61",48495
CES4000000003,"Trade, transportation, and utilities",2018,M10,"23,56",48495
CES4000000003,"Trade, transportation, and utilities",2018,M09,"23,5",48495
CES4000000003,"Trade, transportation, and utilities",2018,M08,"23,41",48495
CES4000000003,"Trade, transportation, and utilities",2018,M07,"23,3",48495
CES4000000003,"Trade, transportation, and utilities",2018,M06,"23,23",48495
CES4000000003,"Trade, transportation, and utilities",2018,M05,"23,22",48495
CES4000000003,"Trade, transportation, and utilities",2018,M04,"23,12",48495
CES4000000003,"Trade, transportation, and utilities",2018,M03,"23,05",48495
CES4000000003,"Trade, transportation, and utilities",2018,M02,"23,01",48495
CES4000000003,"Trade, transportation, and utilities",2018,M01,"22,97",48495
CES4000000003,"Trade, transportation, and utilities",2017,M12,"22,95",47256
CES4000000003,"Trade, transportation, and utilities",2017,M11,"22,87",47256
CES4000000003,"Trade, transportation, and utilities",2017,M10,"22,82",47256
CES4000000003,"Trade, transportation, and utilities",2017,M09,"22,84",47256
CES4000000003,"Trade, transportation, and utilities",2017,M08,"22,77",47256
CES4000000003,"Trade, transportation, and utilities",2017,M07,"22,77",47256
CES4000000003,"Trade, transportation, and utilities",2017,M06,"22,7",47256
CES4000000003,"Trade, transportation, and utilities",2017,M05,"22,66",47256
CES4000000003,"Trade, transportation, and utilities",2017,M04,"22,59",47256
CES4000000003,"Trade, transportation, and utilities",2017,M03,"22,56",47256
CES4000000003,"Trade, transportation, and utilities",2017,M02,"22,55",47256
CES4000000003,"Trade, transportation, and utilities",2017,M01,"22,55",47256
CES4000000003,"Trade, transportation, and utilities",2016,M12,"22,44",46339
CES4000000003,"Trade, transportation, and utilities",2016,M11,"22,52",46339
CES4000000003,"Trade, transportation, and utilities",2016,M10,"22,49",46339
CES4000000003,"Trade, transportation, and utilities",2016,M09,"22,37",46339
CES4000000003,"Trade, transportation, and utilities",2016,M08,"22,34",46339
CES4000000003,"Trade, transportation, and utilities",2016,M07,"22,31",46339
CES4000000003,"Trade, transportation, and utilities",2016,M06,"22,29",46339
CES4000000003,"Trade, transportation, and utilities",2016,M05,"22,22",46339
CES4000000003,"Trade, transportation, and utilities",2016,M04,"22,18",46339
CES4000000003,"Trade, transportation, and utilities",2016,M03,"22,14",46339
CES4000000003,"Trade, transportation, and utilities",2016,M02,"22,03",46339
CES4000000003,"Trade, transportation, and utilities",2016,M01,"22,01",46339
CES5000000003,Information,2021,M12,"44,28",92100
CES5000000003,Information,2021,M11,"44,28",92100
CES5000000003,Information,2021,M10,"44,28",92100
CES5000000003,Information,2021,M09,"44,28",92100
CES5000000003,Information,2021,M08,"44,46",92100
CES5000000003,Information,2021,M07,"44,33",92100
CES5000000003,Information,2021,M06,"44,25",92100
CES5000000003,Information,2021,M05,"44,16",92100
CES5000000003,Information,2021,M04,"44,28",92100
CES5000000003,Information,2021,M03,"43,83",92100
CES5000000003,Information,2021,M02,"44,57",92100
CES5000000003,Information,2021,M01,"44,35",92100
CES5000000003,Information,2020,M12,"44,28",91054
CES5000000003,Information,2020,M11,"44,4",91054
CES5000000003,Information,2020,M10,"44,77",91054
CES5000000003,Information,2020,M09,"43,93",91054
CES5000000003,Information,2020,M08,44,91054
CES5000000003,Information,2020,M07,"44,09",91054
CES5000000003,Information,2020,M06,"43,51",91054
CES5000000003,Information,2020,M05,"43,62",91054
CES5000000003,Information,2020,M04,"43,66",91054
CES5000000003,Information,2020,M03,"43,25",91054
CES5000000003,Information,2020,M02,"42,95",91054
CES5000000003,Information,2020,M01,"42,85",91054
CES5000000003,Information,2019,M12,"42,63",87799
CES5000000003,Information,2019,M11,"42,59",87799
CES5000000003,Information,2019,M10,"42,38",87799
CES5000000003,Information,2019,M09,"42,31",87799
CES5000000003,Information,2019,M08,"42,98",87799
CES5000000003,Information,2019,M07,"42,31",87799
CES5000000003,Information,2019,M06,"41,9",87799
CES5000000003,Information,2019,M05,"42,02",87799
CES5000000003,Information,2019,M04,"41,96",87799
CES5000000003,Information,2019,M03,"41,95",87799
CES5000000003,Information,2019,M02,"41,78",87799
CES5000000003,Information,2019,M01,"41,72",87799
CES5000000003,Information,2018,M12,"41,5",83290
CES5000000003,Information,2018,M11,"41,1",83290
CES5000000003,Information,2018,M10,"40,98",83290
CES5000000003,Information,2018,M09,"40,74",83290
CES5000000003,Information,2018,M08,"40,18",83290
CES5000000003,Information,2018,M07,"39,8",83290
CES5000000003,Information,2018,M06,"39,81",83290
CES5000000003,Information,2018,M05,"39,6",83290
CES5000000003,Information,2018,M04,"39,48",83290
CES5000000003,Information,2018,M03,"39,27",83290
CES5000000003,Information,2018,M02,"39,13",83290
CES5000000003,Information,2018,M01,"38,93",83290
CES5000000003,Information,2017,M12,"38,8",79643
CES5000000003,Information,2017,M11,"38,68",79643
CES5000000003,Information,2017,M10,"38,5",79643
CES5000000003,Information,2017,M09,"38,63",79643
CES5000000003,Information,2017,M08,"38,71",79643
CES5000000003,Information,2017,M07,"38,67",79643
CES5000000003,Information,2017,M06,"38,5",79643
CES5000000003,Information,2017,M05,"38,21",79643
CES5000000003,Information,2017,M04,"38,01",79643
CES5000000003,Information,2017,M03,"37,63",79643
CES5000000003,Information,2017,M02,"37,58",79643
CES5000000003,Information,2017,M01,"37,56",79643
CES5000000003,Information,2016,M12,"37,51",76357
CES5000000003,Information,2016,M11,"37,45",76357
CES5000000003,Information,2016,M10,"37,38",76357
CES5000000003,Information,2016,M09,"37,07",76357
CES5000000003,Information,2016,M08,"36,85",76357
CES5000000003,Information,2016,M07,"36,64",76357
CES5000000003,Information,2016,M06,"36,52",76357
CES5000000003,Information,2016,M05,"36,47",76357
CES5000000003,Information,2016,M04,"36,25",76357
CES5000000003,Information,2016,M03,"36,15",76357
CES5000000003,Information,2016,M02,"36,24",76357
CES5000000003,Information,2016,M01,"35,99",76357
CES5500000003,Financial activities,2021,M12,"39,93",83057
CES5500000003,Financial activities,2021,M11,"39,93",83057
CES5500000003,Financial activities,2021,M10,"39,93",83057
CES5500000003,Financial activities,2021,M09,"39,93",83057
CES5500000003,Financial activities,2021,M08,"40,53",83057
CES5500000003,Financial activities,2021,M07,"40,28",83057
CES5500000003,Financial activities,2021,M06,"40,17",83057
CES5500000003,Financial activities,2021,M05,"40,11",83057
CES5500000003,Financial activities,2021,M04,"39,85",83057
CES5500000003,Financial activities,2021,M03,"39,8",83057
CES5500000003,Financial activities,2021,M02,"39,51",83057
CES5500000003,Financial activities,2021,M01,"39,2",83057
CES5500000003,Financial activities,2020,M12,"39,06",78673
CES5500000003,Financial activities,2020,M11,"38,79",78673
CES5500000003,Financial activities,2020,M10,"38,66",78673
CES5500000003,Financial activities,2020,M09,"38,21",78673
CES5500000003,Financial activities,2020,M08,"38,1",78673
CES5500000003,Financial activities,2020,M07,"37,77",78673
CES5500000003,Financial activities,2020,M06,"37,88",78673
CES5500000003,Financial activities,2020,M05,"37,65",78673
CES5500000003,Financial activities,2020,M04,"37,37",78673
CES5500000003,Financial activities,2020,M03,"36,9",78673
CES5500000003,Financial activities,2020,M02,"36,85",78673
CES5500000003,Financial activities,2020,M01,"36,64",78673
CES5500000003,Financial activities,2019,M12,"36,51",74738
CES5500000003,Financial activities,2019,M11,"36,41",74738
CES5500000003,Financial activities,2019,M10,"36,21",74738
CES5500000003,Financial activities,2019,M09,"36,05",74738
CES5500000003,Financial activities,2019,M08,"36,19",74738
CES5500000003,Financial activities,2019,M07,"35,95",74738
CES5500000003,Financial activities,2019,M06,"35,91",74738
CES5500000003,Financial activities,2019,M05,"35,8",74738
CES5500000003,Financial activities,2019,M04,"35,72",74738
CES5500000003,Financial activities,2019,M03,"35,53",74738
CES5500000003,Financial activities,2019,M02,"35,48",74738
CES5500000003,Financial activities,2019,M01,"35,42",74738
CES5500000003,Financial activities,2018,M12,"35,34",72301
CES5500000003,Financial activities,2018,M11,"35,27",72301
CES5500000003,Financial activities,2018,M10,"35,06",72301
CES5500000003,Financial activities,2018,M09,"35,11",72301
CES5500000003,Financial activities,2018,M08,"34,91",72301
CES5500000003,Financial activities,2018,M07,"34,81",72301
CES5500000003,Financial activities,2018,M06,"34,67",72301
CES5500000003,Financial activities,2018,M05,"34,63",72301
CES5500000003,Financial activities,2018,M04,"34,44",72301
CES5500000003,Financial activities,2018,M03,"34,41",72301
CES5500000003,Financial activities,2018,M02,"34,22",72301
CES5500000003,Financial activities,2018,M01,"34,25",72301
CES5500000003,Financial activities,2017,M12,"34,03",69089
CES5500000003,Financial activities,2017,M11,"33,68",69089
CES5500000003,Financial activities,2017,M10,"33,71",69089
CES5500000003,Financial activities,2017,M09,"33,49",69089
CES5500000003,Financial activities,2017,M08,"33,36",69089
CES5500000003,Financial activities,2017,M07,"33,24",69089
CES5500000003,Financial activities,2017,M06,"33,07",69089
CES5500000003,Financial activities,2017,M05,"32,86",69089
CES5500000003,Financial activities,2017,M04,"32,89",69089
CES5500000003,Financial activities,2017,M03,"32,78",69089
CES5500000003,Financial activities,2017,M02,"32,83",69089
CES5500000003,Financial activities,2017,M01,"32,65",69089
CES5500000003,Financial activities,2016,M12,"32,69",67257
CES5500000003,Financial activities,2016,M11,"32,62",67257
CES5500000003,Financial activities,2016,M10,"32,44",67257
CES5500000003,Financial activities,2016,M09,"32,57",67257
CES5500000003,Financial activities,2016,M08,"32,48",67257
CES5500000003,Financial activities,2016,M07,"32,42",67257
CES5500000003,Financial activities,2016,M06,"32,21",67257
CES5500000003,Financial activities,2016,M05,"32,2",67257
CES5500000003,Financial activities,2016,M04,"32,15",67257
CES5500000003,Financial activities,2016,M03,"32,19",67257
CES5500000003,Financial activities,2016,M02,"32,02",67257
CES5500000003,Financial activities,2016,M01,"32,03",67257
CES6000000003,Professional and business services,2021,M12,"36,31",75522
CES6000000003,Professional and business services,2021,M11,"36,31",75522
CES6000000003,Professional and business services,2021,M10,"36,31",75522
CES6000000003,Professional and business services,2021,M09,"36,31",75522
CES6000000003,Professional and business services,2021,M08,"37,03",75522
CES6000000003,Professional and business services,2021,M07,"36,8",75522
CES6000000003,Professional and business services,2021,M06,"36,62",75522
CES6000000003,Professional and business services,2021,M05,"36,46",75522
CES6000000003,Professional and business services,2021,M04,"36,16",75522
CES6000000003,Professional and business services,2021,M03,"35,9",75522
CES6000000003,Professional and business services,2021,M02,"35,83",75522
CES6000000003,Professional and business services,2021,M01,"35,67",75522
CES6000000003,Professional and business services,2020,M12,"35,59",73147
CES6000000003,Professional and business services,2020,M11,"35,44",73147
CES6000000003,Professional and business services,2020,M10,"35,38",73147
CES6000000003,Professional and business services,2020,M09,"35,35",73147
CES6000000003,Professional and business services,2020,M08,"35,29",73147
CES6000000003,Professional and business services,2020,M07,"35,13",73147
CES6000000003,Professional and business services,2020,M06,"35,22",73147
CES6000000003,Professional and business services,2020,M05,"35,51",73147
CES6000000003,Professional and business services,2020,M04,"35,83",73147
CES6000000003,Professional and business services,2020,M03,"34,52",73147
CES6000000003,Professional and business services,2020,M02,"34,43",73147
CES6000000003,Professional and business services,2020,M01,"34,31",73147
CES6000000003,Professional and business services,2019,M12,"34,24",70077
CES6000000003,Professional and business services,2019,M11,"34,18",70077
CES6000000003,Professional and business services,2019,M10,"34,07",70077
CES6000000003,Professional and business services,2019,M09,"33,96",70077
CES6000000003,Professional and business services,2019,M08,"33,86",70077
CES6000000003,Professional and business services,2019,M07,"33,76",70077
CES6000000003,Professional and business services,2019,M06,"33,64",70077
CES6000000003,Professional and business services,2019,M05,"33,52",70077
CES6000000003,Professional and business services,2019,M04,"33,42",70077
CES6000000003,Professional and business services,2019,M03,"33,32",70077
CES6000000003,Professional and business services,2019,M02,"33,23",70077
CES6000000003,Professional and business services,2019,M01,"33,09",70077
CES6000000003,Professional and business services,2018,M12,"33,04",67735
CES6000000003,Professional and business services,2018,M11,"32,94",67735
CES6000000003,Professional and business services,2018,M10,"32,88",67735
CES6000000003,Professional and business services,2018,M09,"32,84",67735
CES6000000003,Professional and business services,2018,M08,"32,78",67735
CES6000000003,Professional and business services,2018,M07,"32,6",67735
CES6000000003,Professional and business services,2018,M06,"32,49",67735
CES6000000003,Professional and business services,2018,M05,"32,4",67735
CES6000000003,Professional and business services,2018,M04,"32,31",67735
CES6000000003,Professional and business services,2018,M03,"32,24",67735
CES6000000003,Professional and business services,2018,M02,"32,11",67735
CES6000000003,Professional and business services,2018,M01,"32,15",67735
CES6000000003,Professional and business services,2017,M12,"32,02",65823
CES6000000003,Professional and business services,2017,M11,"31,91",65823
CES6000000003,Professional and business services,2017,M10,"31,8",65823
CES6000000003,Professional and business services,2017,M09,"31,88",65823
CES6000000003,Professional and business services,2017,M08,"31,66",65823
CES6000000003,Professional and business services,2017,M07,"31,62",65823
CES6000000003,Professional and business services,2017,M06,"31,54",65823
CES6000000003,Professional and business services,2017,M05,"31,52",65823
CES6000000003,Professional and business services,2017,M04,"31,6",65823
CES6000000003,Professional and business services,2017,M03,"31,51",65823
CES6000000003,Professional and business services,2017,M02,"31,37",65823
CES6000000003,Professional and business services,2017,M01,"31,32",65823
CES6000000003,Professional and business services,2016,M12,"31,21",64189
CES6000000003,Professional and business services,2016,M11,"31,14",64189
CES6000000003,Professional and business services,2016,M10,"31,09",64189
CES6000000003,Professional and business services,2016,M09,"30,99",64189
CES6000000003,Professional and business services,2016,M08,"30,92",64189
CES6000000003,Professional and business services,2016,M07,"30,93",64189
CES6000000003,Professional and business services,2016,M06,"30,88",64189
CES6000000003,Professional and business services,2016,M05,"30,8",64189
CES6000000003,Professional and business services,2016,M04,"30,69",64189
CES6000000003,Professional and business services,2016,M03,"30,56",64189
CES6000000003,Professional and business services,2016,M02,"30,57",64189
CES6000000003,Professional and business services,2016,M01,"30,54",64189
CES6500000003,Education and health services,2021,M12,"29,53",61415
CES6500000003,Education and health services,2021,M11,"29,53",61415
CES6500000003,Education and health services,2021,M10,"29,53",61415
CES6500000003,Education and health services,2021,M09,"29,53",61415
CES6500000003,Education and health services,2021,M08,"29,92",61415
CES6500000003,Education and health services,2021,M07,"29,8",61415
CES6500000003,Education and health services,2021,M06,"29,67",61415
CES6500000003,Education and health services,2021,M05,"29,49",61415
CES6500000003,Education and health services,2021,M04,"29,51",61415
CES6500000003,Education and health services,2021,M03,"29,16",61415
CES6500000003,Education and health services,2021,M02,"29,35",61415
CES6500000003,Education and health services,2021,M01,"29,31",61415
CES6500000003,Education and health services,2020,M12,"29,45",59309
CES6500000003,Education and health services,2020,M11,"28,86",59309
CES6500000003,Education and health services,2020,M10,"28,72",59309
CES6500000003,Education and health services,2020,M09,"28,7",59309
CES6500000003,Education and health services,2020,M08,"28,64",59309
CES6500000003,Education and health services,2020,M07,"28,55",59309
CES6500000003,Education and health services,2020,M06,"28,51",59309
CES6500000003,Education and health services,2020,M05,"28,52",59309
CES6500000003,Education and health services,2020,M04,"28,41",59309
CES6500000003,Education and health services,2020,M03,"28,05",59309
CES6500000003,Education and health services,2020,M02,"27,9",59309
CES6500000003,Education and health services,2020,M01,"27,86",59309
CES6500000003,Education and health services,2019,M12,"27,84",57455
CES6500000003,Education and health services,2019,M11,"27,87",57455
CES6500000003,Education and health services,2019,M10,"27,83",57455
CES6500000003,Education and health services,2019,M09,"27,7",57455
CES6500000003,Education and health services,2019,M08,"27,71",57455
CES6500000003,Education and health services,2019,M07,"27,64",57455
CES6500000003,Education and health services,2019,M06,"27,54",57455
CES6500000003,Education and health services,2019,M05,"27,43",57455
CES6500000003,Education and health services,2019,M04,"27,49",57455
CES6500000003,Education and health services,2019,M03,"27,53",57455
CES6500000003,Education and health services,2019,M02,"27,46",57455
CES6500000003,Education and health services,2019,M01,"27,43",57455
CES6500000003,Education and health services,2018,M12,"27,28",56160
CES6500000003,Education and health services,2018,M11,"27,22",56160
CES6500000003,Education and health services,2018,M10,"27,18",56160
CES6500000003,Education and health services,2018,M09,"27,13",56160
CES6500000003,Education and health services,2018,M08,"27,13",56160
CES6500000003,Education and health services,2018,M07,"27,05",56160
CES6500000003,Education and health services,2018,M06,"27,02",56160
CES6500000003,Education and health services,2018,M05,"26,96",56160
CES6500000003,Education and health services,2018,M04,"26,85",56160
CES6500000003,Education and health services,2018,M03,"26,82",56160
CES6500000003,Education and health services,2018,M02,"26,69",56160
CES6500000003,Education and health services,2018,M01,"26,67",56160
CES6500000003,Education and health services,2017,M12,"26,62",54740
CES6500000003,Education and health services,2017,M11,"26,54",54740
CES6500000003,Education and health services,2017,M10,"26,43",54740
CES6500000003,Education and health services,2017,M09,"26,51",54740
CES6500000003,Education and health services,2017,M08,"26,42",54740
CES6500000003,Education and health services,2017,M07,"26,38",54740
CES6500000003,Education and health services,2017,M06,"26,27",54740
CES6500000003,Education and health services,2017,M05,"26,27",54740
CES6500000003,Education and health services,2017,M04,"26,2",54740
CES6500000003,Education and health services,2017,M03,"26,09",54740
CES6500000003,Education and health services,2017,M02,"26,09",54740
CES6500000003,Education and health services,2017,M01,"25,99",54740
CES6500000003,Education and health services,2016,M12,"25,98",53524
CES6500000003,Education and health services,2016,M11,"25,93",53524
CES6500000003,Education and health services,2016,M10,"25,89",53524
CES6500000003,Education and health services,2016,M09,"25,82",53524
CES6500000003,Education and health services,2016,M08,"25,71",53524
CES6500000003,Education and health services,2016,M07,"25,72",53524
CES6500000003,Education and health services,2016,M06,"25,69",53524
CES6500000003,Education and health services,2016,M05,"25,64",53524
CES6500000003,Education and health services,2016,M04,"25,68",53524
CES6500000003,Education and health services,2016,M03,"25,6",53524
CES6500000003,Education and health services,2016,M02,"25,58",53524
CES6500000003,Education and health services,2016,M01,"25,55",53524
CES7000000003,Leisure and hospitality,2021,M12,"17,99",37424
CES7000000003,Leisure and hospitality,2021,M11,"17,99",37424
CES7000000003,Leisure and hospitality,2021,M10,"17,99",37424
CES7000000003,Leisure and hospitality,2021,M09,"17,99",37424
CES7000000003,Leisure and hospitality,2021,M08,"18,82",37424
CES7000000003,Leisure and hospitality,2021,M07,"18,57",37424
CES7000000003,Leisure and hospitality,2021,M06,"18,42",37424
CES7000000003,Leisure and hospitality,2021,M05,"18,06",37424
CES7000000003,Leisure and hospitality,2021,M04,"17,85",37424
CES7000000003,Leisure and hospitality,2021,M03,"17,6",37424
CES7000000003,Leisure and hospitality,2021,M02,"17,38",37424
CES7000000003,Leisure and hospitality,2021,M01,"17,24",37424
CES7000000003,Leisure and hospitality,2020,M12,"17,15",35627
CES7000000003,Leisure and hospitality,2020,M11,"17,09",35627
CES7000000003,Leisure and hospitality,2020,M10,"17,12",35627
CES7000000003,Leisure and hospitality,2020,M09,"17,1",35627
CES7000000003,Leisure and hospitality,2020,M08,"17,06",35627
CES7000000003,Leisure and hospitality,2020,M07,"16,92",35627
CES7000000003,Leisure and hospitality,2020,M06,"17,02",35627
CES7000000003,Leisure and hospitality,2020,M05,"17,44",35627
CES7000000003,Leisure and hospitality,2020,M04,18,35627
CES7000000003,Leisure and hospitality,2020,M03,"16,89",35627
CES7000000003,Leisure and hospitality,2020,M02,"16,9",35627
CES7000000003,Leisure and hospitality,2020,M01,"16,85",35627
CES7000000003,Leisure and hospitality,2019,M12,"16,79",34447
CES7000000003,Leisure and hospitality,2019,M11,"16,77",34447
CES7000000003,Leisure and hospitality,2019,M10,"16,71",34447
CES7000000003,Leisure and hospitality,2019,M09,"16,68",34447
CES7000000003,Leisure and hospitality,2019,M08,"16,62",34447
CES7000000003,Leisure and hospitality,2019,M07,"16,59",34447
CES7000000003,Leisure and hospitality,2019,M06,"16,55",34447
CES7000000003,Leisure and hospitality,2019,M05,"16,51",34447
CES7000000003,Leisure and hospitality,2019,M04,"16,44",34447
CES7000000003,Leisure and hospitality,2019,M03,"16,39",34447
CES7000000003,Leisure and hospitality,2019,M02,"16,38",34447
CES7000000003,Leisure and hospitality,2019,M01,"16,3",34447
CES7000000003,Leisure and hospitality,2018,M12,"16,28",33247
CES7000000003,Leisure and hospitality,2018,M11,"16,21",33247
CES7000000003,Leisure and hospitality,2018,M10,"16,16",33247
CES7000000003,Leisure and hospitality,2018,M09,"16,1",33247
CES7000000003,Leisure and hospitality,2018,M08,"16,06",33247
CES7000000003,Leisure and hospitality,2018,M07,16,33247
CES7000000003,Leisure and hospitality,2018,M06,"15,94",33247
CES7000000003,Leisure and hospitality,2018,M05,"15,88",33247
CES7000000003,Leisure and hospitality,2018,M04,"15,87",33247
CES7000000003,Leisure and hospitality,2018,M03,"15,82",33247
CES7000000003,Leisure and hospitality,2018,M02,"15,74",33247
CES7000000003,Leisure and hospitality,2018,M01,"15,75",33247
CES7000000003,Leisure and hospitality,2017,M12,"15,7",32200
CES7000000003,Leisure and hospitality,2017,M11,"15,64",32200
CES7000000003,Leisure and hospitality,2017,M10,"15,59",32200
CES7000000003,Leisure and hospitality,2017,M09,"15,62",32200
CES7000000003,Leisure and hospitality,2017,M08,"15,54",32200
CES7000000003,Leisure and hospitality,2017,M07,"15,48",32200
CES7000000003,Leisure and hospitality,2017,M06,"15,46",32200
CES7000000003,Leisure and hospitality,2017,M05,"15,49",32200
CES7000000003,Leisure and hospitality,2017,M04,"15,39",32200
CES7000000003,Leisure and hospitality,2017,M03,"15,35",32200
CES7000000003,Leisure and hospitality,2017,M02,"15,29",32200
CES7000000003,Leisure and hospitality,2017,M01,"15,22",32200
CES7000000003,Leisure and hospitality,2016,M12,"15,16",30950
CES7000000003,Leisure and hospitality,2016,M11,"15,12",30950
CES7000000003,Leisure and hospitality,2016,M10,"15,08",30950
CES7000000003,Leisure and hospitality,2016,M09,"15,02",30950
CES7000000003,Leisure and hospitality,2016,M08,"14,98",30950
CES7000000003,Leisure and hospitality,2016,M07,"14,92",30950
CES7000000003,Leisure and hospitality,2016,M06,"14,86",30950
CES7000000003,Leisure and hospitality,2016,M05,"14,79",30950
CES7000000003,Leisure and hospitality,2016,M04,"14,74",30950
CES7000000003,Leisure and hospitality,2016,M03,"14,67",30950
CES7000000003,Leisure and hospitality,2016,M02,"14,63",30950
CES7000000003,Leisure and hospitality,2016,M01,"14,59",30950
CES8000000003,Other services,2021,M12,"27,14",56456
CES8000000003,Other services,2021,M11,"27,14",56456
CES8000000003,Other services,2021,M10,"27,14",56456
CES8000000003,Other services,2021,M09,"27,14",56456
CES8000000003,Other services,2021,M08,"27,48",56456
CES8000000003,Other services,2021,M07,"27,35",56456
CES8000000003,Other services,2021,M06,"27,29",56456
CES8000000003,Other services,2021,M05,"27,21",56456
CES8000000003,Other services,2021,M04,"26,99",56456
CES8000000003,Other services,2021,M03,"26,8",56456
CES8000000003,Other services,2021,M02,"27,11",56456
CES8000000003,Other services,2021,M01,"26,91",56456
CES8000000003,Other services,2020,M12,"26,85",55302
CES8000000003,Other services,2020,M11,"26,69",55302
CES8000000003,Other services,2020,M10,"26,51",55302
CES8000000003,Other services,2020,M09,"26,58",55302
CES8000000003,Other services,2020,M08,"26,59",55302
CES8000000003,Other services,2020,M07,"26,72",55302
CES8000000003,Other services,2020,M06,"26,91",55302
CES8000000003,Other services,2020,M05,"27,5",55302
CES8000000003,Other services,2020,M04,"27,79",55302
CES8000000003,Other services,2020,M03,"25,78",55302
CES8000000003,Other services,2020,M02,"25,59",55302
CES8000000003,Other services,2020,M01,"25,54",55302
CES8000000003,Other services,2019,M12,"25,53",52447
CES8000000003,Other services,2019,M11,"25,46",52447
CES8000000003,Other services,2019,M10,"25,37",52447
CES8000000003,Other services,2019,M09,"25,3",52447
CES8000000003,Other services,2019,M08,"25,28",52447
CES8000000003,Other services,2019,M07,"25,19",52447
CES8000000003,Other services,2019,M06,"25,16",52447
CES8000000003,Other services,2019,M05,"25,15",52447
CES8000000003,Other services,2019,M04,"25,08",52447
CES8000000003,Other services,2019,M03,"25,04",52447
CES8000000003,Other services,2019,M02,"25,02",52447
CES8000000003,Other services,2019,M01,25,52447
CES8000000003,Other services,2018,M12,"24,87",51087
CES8000000003,Other services,2018,M11,"24,79",51087
CES8000000003,Other services,2018,M10,"24,76",51087
CES8000000003,Other services,2018,M09,"24,7",51087
CES8000000003,Other services,2018,M08,"24,6",51087
CES8000000003,Other services,2018,M07,"24,58",51087
CES8000000003,Other services,2018,M06,"24,54",51087
CES8000000003,Other services,2018,M05,"24,5",51087
CES8000000003,Other services,2018,M04,"24,46",51087
CES8000000003,Other services,2018,M03,"24,4",51087
CES8000000003,Other services,2018,M02,"24,27",51087
CES8000000003,Other services,2018,M01,"24,26",51087
CES8000000003,Other services,2017,M12,"24,21",49603
CES8000000003,Other services,2017,M11,"24,17",49603
CES8000000003,Other services,2017,M10,"24,1",49603
CES8000000003,Other services,2017,M09,"24,05",49603
CES8000000003,Other services,2017,M08,"23,93",49603
CES8000000003,Other services,2017,M07,"23,87",49603
CES8000000003,Other services,2017,M06,"23,77",49603
CES8000000003,Other services,2017,M05,"23,69",49603
CES8000000003,Other services,2017,M04,"23,66",49603
CES8000000003,Other services,2017,M03,"23,61",49603
CES8000000003,Other services,2017,M02,"23,65",49603
CES8000000003,Other services,2017,M01,"23,46",49603
CES8000000003,Other services,2016,M12,"23,38",47982
CES8000000003,Other services,2016,M11,"23,33",47982
CES8000000003,Other services,2016,M10,"23,32",47982
CES8000000003,Other services,2016,M09,"23,16",47982
CES8000000003,Other services,2016,M08,"23,16",47982
CES8000000003,Other services,2016,M07,"23,1",47982
CES8000000003,Other services,2016,M06,"23,04",47982
CES8000000003,Other services,2016,M05,"22,97",47982
CES8000000003,Other services,2016,M04,"22,91",47982
CES8000000003,Other services,2016,M03,"22,86",47982
CES8000000003,Other services,2016,M02,"22,81",47982
CES8000000003,Other services,2016,M01,"22,78",47982
