text,x1,x2,label
as continu celebr octob manufactur month highlight manufactur lake counti list top post job titl lake counti il manufactur field octob septemb fact data manufactur httpstcozqhihwi,179,0,3
as continu celebr octob manufactur month highlight manufactur lake counti communic top relev skill mention job post sinc oct manufactur field lake counti il fact data manufactur httpstconmztylfkwt,196,0,3
as continu celebr octob manufactur month highlight manufactur lake counti the median advertis salari hr manufactur field lake counti il base advertis salari observ fact data manufactur httpstcouvaxmr,199,0,3
as continu celebr octob manufactur month highlight manufactur lake counti top citi uniqu job post lake counti il manufactur field fact data manufactur httpstcouuuomhwng,168,0,3
fast food spot offer figur sign bonus tuition reimburs hr‚Ä¶whaaa‚Ä¶ oh now y‚Äô wanna figur huh moneychat workingclass,113,1,2
flashback about half lowerincom american report household job wage loss due covid pewresearch httpstcoxeayqeqd us incom world percent polici federalreserv powel insidetrad mkt,175,1,3
endthefedorg inflat rampant especi recent generat worker dont expect woo near minimum paycheck there arent enough worker continu oper tech also isnt solut everi singl process requir human point,193,1,3
wonder much will subject social secur tax the ‚Äú base‚Äú recent announc learn httpstcosabozmgslb socialsecur taxtip httpstcoeycpmgvv,129,0,2
worker belief about rent outsid option iwh research seminar econom schoeferb ucberkeley monday nov pm hybrid registr httpstcopxafqzm paper httpstcogpmdwdvl worker rent employ labourmarket httpstcowlhfkzzi,204,0,3
rise minimum derail malaysia‚Äô econom recoveri mef wage malaysia southeastasia malaysianemployersfeder industri workforc httpstcoymthrgl,135,1,2
joebiden visionüá∫üá∏httpstcocapuhjbgv jobsampeconomicrecoverya decent least h‚Ä¶univers paid sick day wks paid famili amp medic leav paidleav taxwealthwork multinationalcorpor infrastructureampcleanenergi tr invest blacklatino sander httpstcopatmcrlf,245,0,4
joebiden visionüá∫üá∏httpstcocapuhjbgv jobsampeconomicrecoverya decent least h‚Ä¶univers paid sick day wks paid famili amp medic leav paidleav taxwealthwork multinationalcorpor infrastructureampcleanenergi tr invest blacklatino sander httpstcopatmcrlf,245,0,4
joebiden visionüá∫üá∏httpstcocapuhjbgv jobsampeconomicrecoverya decent least h‚Ä¶univers paid sick day wks paid famili amp medic leav paidleav taxwealthwork multinationalcorpor infrastructureampcleanenergi tr invest blacklatino sander httpstcopatmcrlf,245,0,4
import new tool worldbank gt better job indic develop women earn averag less menyoung worker face biggest gap relat older worker age receiv higher year httpstcopuvnqnrqfk,170,0,3
apprentic minimum wage set increas april st p per hour go ¬£ ¬£ increas httpstcoevjfgzxez apprenticewag apprenticeshipwag budget payris money,139,1,2
it may spiral britain experienc wagepric feedback loop the costpush dynam may stress inflat the us face similar situat httpstcojycnxrk,134,1,2
happi birthday girl new age progress ‚ÄºÔ∏èpleas don‚Äôt ignore‚ÄºÔ∏è we look denisepipiton littl girl kidnap yo mazara del vallo sicili itali britain scottishindepend dontletitbreakyourheart pakistan zidan f httpstcolhabmgnneo,217,0,3
apprentic minimum wage set increas april st p per hour go ¬£ ¬£ increas httpstcoevjfgzxez apprenticewag apprenticeshipwag budget payris money,139,1,2
what impact will chancellor rishi sunak minimumwag increas busi if your concern busi can make improv allow continu growth get touch consult businesscoach wage budget httpstcoskgrw,179,1,3
worker belief about rent outsid option iwh research seminar econom schoeferb ucberkeley monday nov pm hybrid registr httpstcopxafqzm paper httpstcogpmdwdvl worker rent employ labourmarket httpstcowlhfkzzi,204,0,3
as well increas nation minimum oneyear public sector pay freez brought pandem will come end read httpstcoipmfvok budget payris publicsector httpstcoipmfvok,155,1,2
happi birthday girl new age progress ‚ÄºÔ∏èpleas don‚Äôt ignore‚ÄºÔ∏è we look denisepipiton littl girl kidnap yo mazara del vallo sicili itali britain scottishindepend dontletitbreakyourheart pakistan zidan f httpstcolhabmgnneo,217,0,3
happi birthday girl new age progress ‚ÄºÔ∏èpleas don‚Äôt ignore‚ÄºÔ∏è we look denisepipiton littl girl kidnap yo mazara del vallo sicili itali britain scottishindepend dontletitbreakyourheart pakistan zidan f httpstcolhabmgnneo,217,0,3
worker belief about rent outsid option iwh research seminar econom schoeferb ucberkeley monday nov pm hybrid registr httpstcopxafqzm paper httpstcogpmdwdvl worker rent employ labourmarket httpstcowlhfkzzi,204,0,3
britain scottishindepend dontletitbreakyourheart pakistan zidan f happi birthday denisepipitoneüç∞ httpstcoughcui,111,0,2
happi birthday girl new age progress ‚ÄºÔ∏èpleas don‚Äôt ignore‚ÄºÔ∏è we look denisepipiton littl girl kidnap yo mazara del vallo sicili itali britain scottishindepend dontletitbreakyourheart pakistan zidan f httpstcolhabmgnneo,217,0,3
happi birthday girl new age progress ‚ÄºÔ∏èpleas don‚Äôt ignore‚ÄºÔ∏è we look denisepipiton littl girl kidnap yo mazara del vallo sicili itali britain scottishindepend dontletitbreakyourheart pakistan zidan f httpstcolhabmgnneo,217,0,3
happi birthday girl new age progress ‚ÄºÔ∏èpleas don‚Äôt ignore‚ÄºÔ∏è we look denisepipiton littl girl kidnap yo mazara del vallo sicili itali britain scottishindepend dontletitbreakyourheart pakistan zidan f httpstcolhabmgnneo,217,0,3
last chanc regist don‚Äôt miss secur spot live session associ kpmg csl navig wage complianc complex australia expert hr payrol field httpstcomvoiuovi,147,1,2
cambodia increas minimumwag worker what new rate httpstcovctwankqpq hr payrol employ,84,1,2
octob day latina pay catch white nonhispan men decemb previous year pay latina women latinaequalpayday systemschang gap complianc equiti equitablepaypractic divers inclus dei hr jamiipa httpstcolreabc,200,1,3
cambodia increas minimumwag worker what new rate httpstcodkertqi hr payrol employ,81,1,2
asiabrief cambodia increas minimumwag worker what new rate httpstcounacnkgdf hr payrol employ,93,1,2
last chanc regist don‚Äôt miss secur spot live session associ kpmg csl navig wage complianc complex australia expert hr payrol field httpstcomvoiuovi,147,1,2
our expert panel set talk organis can embark payrol complianc journey navig complex landscap australia regist now part live discuss httpstcoaadwwqpuq kpmg csl,158,1,2
were lose everyth amazon autom hr system commit wage theft on massiv scale httpstcosbulbsnrt,92,1,2
nation live wage set rise ¬£ hour budget httpstcowdlxuyvhk,57,1,1
üìù work paper how firm form expect inflat aggreg growth new find survey among french firm üá´üá∑ by f savignac erwangauti y gorodnichenko amp o coibion bdfeco wp üëá httpstcolblksglbj,176,0,3
they sort point won‚Äôt help now sur point govern inflict crisi upon us ni increas uc cut brexit mess amp mismanag covid headlin budget covid brexit costofliv wage httpstcohfwjhmgd,178,1,3
must watch polici analyst inez stepman eviscer gender wagegap narrat capitol hill testimoni httpstcocyksgd must watch polici analyst inez stepman eviscer gender wagegap narrat capitol hill testimoni,198,1,3
minimum salari april ¬£ per year yrs st year apprenticeship hour per week unpaid break ¬£ x x week ¬£ nationallivingwag nationalminimumwag nlw nmw salari minimumwag httpstcofomhdzgi,178,0,3
minimum salari april ¬£ per year yrs st year apprenticeship hour per week unpaid break ¬£ x x week ¬£ nationallivingwag nationalminimumwag nlw nmw salari minimumwag httpstcofomhdzgi,178,0,3
nation live wage set rise ¬£ hour httpstcodgrahueob,50,1,1
politicsforali who can afford pay rentmortgag plus live feed ¬£ week less tax how peopl suppos surviv i realli don‚Äôt know state say us favour put minimum i don‚Äôt get,164,1,3
call bilingu trilingu polyglot üì£ it‚Äô time let skill shine interpret the way translat servic can util endless sign wage today get start üôå httpstconbzlvjjb wageapp httpstcoxfhzaslm,178,1,3
you may scare take plung work ‚Äôre tell now best time üôå take break norm download wage app sign üëâ httpstconbzlvjjb wageapp job job httpstcotwbzyosi,145,1,2
from attic basement everyth job big small profession wage app so whether need help instal new floor just quick gutter clean can find just click httpstconbzlvjjb httpstcoykuhum,175,1,3
excel andersonreview articl work paper ed leamer jnickelsburg los angel minimum increas our main find restaur custom paid las min increas wealthi neighborhood lesswealthi one httpstcoegnrdqjxb,192,0,3
whi someon work smee job younger paid less toryscum httpstcobxfwjbh,67,0,1
nation live wage set rise ¬£ hour busi pay nationallivingwag httpstcompbtfaof,76,1,1
nation live wage nlw set rise budget ¬£ ¬£ per hour april a increas minimum age twice current rise cost live gtemployersforum nmw httpstcowvpfnlymz,145,1,2
herald scotlandbudget chancellor announc minimum rise rishi sunak expect announc rise nation minimum budget speech week trendsspi httpstcoxurdo httpstcoudwcnndxl,161,0,3
excel news the minimum apprentic will rais ¬£ per hour st april apprenticeship news april wage apprentic for first year age yrs httpstcoclezykac,143,1,2
nation live wage nlw set rise budget ¬£ ¬£ per hour april a increas minimum age twice current rise cost live gtemployersforum nmw httpstcowvpfnlymz,145,1,2
üìù work paper how firm form expect inflat aggreg growth new find survey among french firm üá´üá∑ by f savignac erwangauti y gorodnichenko amp o coibion bdfeco wp üëá httpstcolblksglbj,176,0,3
üìù work paper how firm form expect inflat aggreg growth new find survey among french firm üá´üá∑ by f savignac erwangauti y gorodnichenko amp o coibion bdfeco wp üëá httpstcolblksglbj,176,0,3
breakingnew nation live rise ¬£ hour uküá¨üáß uk livingwag nationallivingwag wage wage httpstcoojkdsw,96,1,2
thank nejm lawson ung amp lawrenc chodosh work evalu equiti healthcar essentialwork these dispar persist httpstcolinfxoja covid medtwitt blacklivesmatt blacktwitt hispanicheritagemonth asian httpstcoambazgnopr,209,0,3
thank nejm lawson ung amp lawrenc chodosh work evalu equiti healthcar essentialwork these dispar persist httpstcolinfxoja covid medtwitt blacklivesmatt blacktwitt hispanicheritagemonth asian httpstcoambazgnopr,209,0,3
üìù work paper how firm form expect inflat aggreg growth new find survey among french firm üá´üá∑ by f savignac erwangauti y gorodnichenko amp o coibion bdfeco wp üëá httpstcolblksglbj,176,0,3
üìù work paper how firm form expect inflat aggreg growth new find survey among french firm üá´üá∑ by f savignac erwangauti y gorodnichenko amp o coibion bdfeco wp üëá httpstcolblksglbj,176,0,3
maximum maximumwag publicserv stock httpstcolfyncxjwg,53,0,1
swiss adjust econom section orang effect blue minimumwag chart statschweiz httpstcokdknnwvz httpstcoporhkcz,107,0,2
swiss adjust econom section orang effect blue minimumwag chart statschweiz httpstcokdknnwvz httpstcoporhkcz,107,0,2
overtim premium the overtim premium compon fair wage indic labour right index measur whether legisl requir payment overtim premium more info httpstcoxsubebjf labourlaw employmentlaw decentworklri clr httpstcoapuxltl,215,1,3
excel andersonreview articl work paper ed leamer jnickelsburg los angel minimum increas our main find restaur custom paid las min increas wealthi neighborhood lesswealthi one httpstcoegnrdqjxb,192,0,3
excel andersonreview articl work paper ed leamer jnickelsburg los angel minimum increas our main find restaur custom paid las min increas wealthi neighborhood lesswealthi one httpstcoegnrdqjxb,192,0,3
dinhan factori worker continu demand wage april may rfakhmer economi,68,1,1
the report state lowest minimum releas friday report news colorado cost inflat httpstcoqualzw,93,0,2
do increas impact unemploy ‚Äì worker world httpstcokbpoyilpx,59,0,1
man appli job to test labor shortag theori get onli interview and it for a parttim job pay minimum wage httpstcouolzos no job,125,1,2
a twotier system roil auto industri worker today say way httpstcojugfrfpzj,74,0,1
union cheer resurrect michigan‚Äô prevail law protect construct worker pay ‚Äì peopl world httpstcoswdycmgo,103,1,2
labour forc particip minimum go replac yo older teenag unemploy httpstcoyajlduhw,80,0,1
how hour stack read guid get deserv careeradvic httpstcoahvdtceyv httpstcogebuur,80,0,1
jandt deliveri ‡∏û‡∏ô‡∏±‡∏Å‡∏á‡∏≤‡∏ô‡∏Ç‡∏ô‡∏™‡πà‡∏á protest wage salaryincreas salaryhikeforjandt ‡πÄ‡∏á‡∏¥‡∏ô‡πÄ‡∏î‡∏∑‡∏≠‡∏ô ‡πÄ‡∏®‡∏£‡∏©‡∏ê‡∏Å‡∏¥‡∏à‡πÑ‡∏ó‡∏¢ ‡∏Ç‡∏ô‡∏™‡πà‡∏á whatshappeninginthailand httpstcoeesoghpkd,144,1,2
jandt deliveri ‡∏û‡∏ô‡∏±‡∏Å‡∏á‡∏≤‡∏ô‡∏Ç‡∏ô‡∏™‡πà‡∏á protest wage salaryincreas salaryhikeforjandt ‡πÄ‡∏á‡∏¥‡∏ô‡πÄ‡∏î‡∏∑‡∏≠‡∏ô ‡πÄ‡∏®‡∏£‡∏©‡∏ê‡∏Å‡∏¥‡∏à‡πÑ‡∏ó‡∏¢ ‡∏Ç‡∏ô‡∏™‡πà‡∏á whatshappeninginthailand httpstcohdiljwhhvu,145,1,2
increas minimum may derail econom recoveri mp mef httpstcovuiwpqhbhu tmrnew tmrphoto,84,0,2
overtim premium the overtim premium compon fair wage indic labour right index measur whether legisl requir payment overtim premium more info httpstcoxsubebjf labourlaw employmentlaw decentworklri clr httpstcoapuxltl,215,1,3
when autumn budget chancellor rishisunak expect tri rebal book massiv borrow pay pandem job planminimum wagecouncil taxamp student loan spotlightfollowbackfriday fbpe fbpa plz‚ù§Ô∏èrtampfb httpstcoxyewbpnqc,202,1,3
when autumn budget chancellor rishisunak expect tri rebal book massiv borrow pay pandem job planminimum wagecouncil taxamp student loan spotlightfollowbackfriday fbpe fbpa plz‚ù§Ô∏èrtampfb httpstcoxyewbpnqc,202,1,3
powel said risk current elev rate inflat ‚Äúwill begin lead price wagesett expect unduli high rate inflat future‚Äù federalreserv becom nervous seem vix tlt usd httpstcothyrgxlr,173,1,3
dir studi domest worker bill right now underway worker law httpstcobukwnlj httpstcoqmikwjzmz,92,0,2
be s overdraft wait paycheck everi two week just pay fee like buck left get overdraft üò≠ iquit higherpay mininumwag broke,120,1,2
thedailyshow wasnt awar law abolish isnt livabl either btw subminimumwag employ disabl discrimin,96,0,2
there growth yet howev rba put lot bullshit inflat alreadi move this will push rba rais interest rate rba execut know httpstcoidttktawt,135,0,2
there labor shortag particular western countri mayb growth will begin now despit australian tori govern choke near decad if busi want worker will pay well,154,1,2
there labor shortag particular western countri mayb growth will begin now despit australian tori govern choke near decad if busi want worker will pay well,154,1,2
nhk„Ç∏„É£„Éº„Éä„É´ ÊïôÂ∏´„ÅÆ„Éê„Éà„É≥ Â∞è‰∏≠È´ò„ÅÆ ÊïôÂì° ÂÖçË®± Áµ±‰∏Ä„ÅåÂéüÂõ†„ÄÅ „Ç´„Éä„ÉÄ„ÅÆ„Éô„Éì„Éº„Ç∑„ÉÉ„Çø„Éº„Å®Âêå„ÅòÊúÄ‰Ωé ÊôÇÁµ¶„ÄÇ the caus unif teacher licens elementari junior high amp high school the minimum hour canadian babysitt,157,0,2
thank nejm lawson ung amp lawrenc chodosh work evalu equiti healthcar essentialwork these dispar persist httpstcolinfxoja covid medtwitt blacklivesmatt blacktwitt hispanicheritagemonth asian httpstcoambazgnopr,209,0,3
wealth watchlist oct ‚≠êÔ∏èheadlin üí∞sindh govt decid implement minimum institut üè´the cabinet also reduc pass mark women disabl amp minor teacher recruit httpstcodfmmfjgwq httpstcoldcirgaq,183,0,3
avoid wageandhour pitfal remot work hr morn law work wageandhour free trial remotework via httpstcoiokryueji ‚òõ httpstcoopxyixqso httpstcopptdqmm,144,1,2
roman ¬†esv newcalvarychurch chennaichurch kelli kilpauk trend trendingpost viral viralpost godsword wordofgod motiv dailymotiv biblevers dailybiblevers scriptur roman gift sin death jesus freegift life httpstcoztksplfhc,219,0,3
there labor shortag particular western countri mayb growth will begin now despit australian tori govern choke near decad if busi want worker will pay well,154,1,2
there labor shortag particular western countri mayb growth will begin now despit australian tori govern choke near decad if busi want worker will pay well,154,1,2
there growth yet howev rba put lot bullshit inflat alreadi move this will push rba rais interest rate rba execut know httpstcoidttktawt,135,0,2
there labor shortag particular western countri mayb growth will begin now despit australian tori govern choke near decad if busi want worker will pay well,154,1,2
there growth yet howev rba put lot bullshit inflat alreadi move this will push rba rais interest rate rba execut know httpstcoidttktawt,135,0,2
there labor shortag particular western countri mayb growth will begin now despit australian tori govern choke near decad if busi want worker will pay well,154,1,2
there growth yet howev rba put lot bullshit inflat alreadi move this will push rba rais interest rate rba execut know httpstcoidttktawt,135,0,2
lowveg wage pressur becom inflationari flashpoint develop economi vage httpstcozxokojmr,87,1,2
how everyon day i nfting alllll day love wage wickedboneclub httpstcorezncoeit,78,1,1
good night fam the market get readi massiv take don‚Äôt stray path hold true wagmi wage lazylionsnft ethari wickedboneclub goobersnft httpstcogaljqmlux,149,1,2
all labor digniti case opportun equiti worthwhil read askdrfatima colleagu nejm httpstcomafxjysza,97,0,2
what can i earn money onlin much experi anyth earn money live,61,0,1
octob day latina pay catch white nonhispan men decemb previous year pay latina women latinaequalpayday systemschang gap complianc equiti equitablepaypractic divers inclus dei hr jamiipa httpstcolreabc,200,1,3
all labor digniti case opportun equiti worthwhil read askdrfatima colleagu nejm httpstcomafxjysza,97,0,2
saltburnchri social bad richest capitalist need slave maintain empir the oppress allow everi year decid particular repres oppress class repres repress ‚Äù karl marx sound familiar,177,0,3
employe newyork state must paid least state minimum rate go here new rate take effect decemb httpstcouinvmmtlq httpstcocftvmjbdey,129,0,2
how hour stack read guid get deserv careeradvic httpstcoahvdtceyv httpstcogebuur,80,0,1
hot news healthcar worker leav drove this book explain httpstcokmidfpvdo nursingstrik nursingshortag healthcarework hospit nursinghom skilledfacil covid mrca skincar hospitalshortag overwork underpaid respit,207,0,3
dod modern strategi üîò nato expand focus counter rise china httpstcoizunqlpxhu üîò us repres half global defens spend cybersecur espionag nationalsecur ip tech china manufactur job tradewar gdp innov httpstcogsafkqhz httpstcoayeqg,227,0,3
my size file lawsuit against lazarault activist group over attempt mislead stockhold wage unlaw proxi contest httpstcovtasojcdi mysizeinc mysz httpstcoqcdfamo,158,1,2
yes tip elimin minimum fair employe employ societi fair httpstcoupvnkjea,72,0,1
asiabrief cambodia increas minimumwag worker what new rate httpstcounacnkgdf hr payrol employ,93,1,2
minimum china continu increas howev worker employ foreigninvest enterpris earn minimum read httpstcoazvxytnq,108,0,2
cambodia increas minimumwag worker what new rate httpstcodkertqi hr payrol employ,81,1,2
govern sindh set minimum wage pkr pakistan sindh ppp sindhgovt wage muradalishahppp sindhcmhous mediacellppp httpstcozvsbfgqkh,126,1,2
our expert panel set talk organis can embark payrol complianc journey navig complex landscap australia regist now part live discuss httpstcoaadwwqpuq kpmg csl,158,1,2
cambodia increas minimumwag worker what new rate httpstcovctwankqpq hr payrol employ,84,1,2
thank nejm lawson ung amp lawrenc chodosh work evalu equiti healthcar essentialwork these dispar persist httpstcolinfxoja covid medtwitt blacklivesmatt blacktwitt hispanicheritagemonth asian httpstcoambazgnopr,209,0,3
thank nejm lawson ung amp lawrenc chodosh work evalu equiti healthcar essentialwork these dispar persist httpstcolinfxoja covid medtwitt blacklivesmatt blacktwitt hispanicheritagemonth asian httpstcoambazgnopr,209,0,3
thank nejm lawson ung amp lawrenc chodosh work evalu equiti healthcar essentialwork these dispar persist httpstcolinfxoja covid medtwitt blacklivesmatt blacktwitt hispanicheritagemonth asian httpstcoambazgnopr,209,0,3
inde how hour stack read guid get deserv careeradvic httpstcojpkidpeud httpstcorfirkwmsrm,89,0,2
how hour stack read guid get deserv careeradvic httpstcoahvdtceyv httpstcogebuur,80,0,1
as continu celebr octob manufactur month highlight manufactur lake counti top citi uniqu job post lake counti il manufactur field fact data manufactur httpstcouuuomhwng,168,0,3
thank nejm lawson ung amp lawrenc chodosh work evalu equiti healthcar essentialwork these dispar persist httpstcolinfxoja covid medtwitt blacklivesmatt blacktwitt hispanicheritagemonth asian httpstcoambazgnopr,209,0,3
thank nejm lawson ung amp lawrenc chodosh work evalu equiti healthcar essentialwork these dispar persist httpstcolinfxoja covid medtwitt blacklivesmatt blacktwitt hispanicheritagemonth asian httpstcoambazgnopr,209,0,3
govern sindh set minimum wage pkr pakistan sindh ppp sindhgovt wage muradalishahppp sindhcmhous mediacellppp httpstcozvsbfgqkh,126,1,2
thank nejm lawson ung amp lawrenc chodosh work evalu equiti healthcar essentialwork these dispar persist httpstcolinfxoja covid medtwitt blacklivesmatt blacktwitt hispanicheritagemonth asian httpstcoambazgnopr,209,0,3
accord latest beigebook econom activ th district strengthen moder employ level increas modest strong upward pressur for retail manufactur realest activ visit httpstcolpukvovcf httpstcodzurfwyglr,194,0,3
what believ employ wrong withhold owe the first step contact experienc hour attorney the garner firm httpstcofkhpfgrmb wageviol employmentlaw httpstcogrswcho,157,1,2
if this is a wagepric spiral whi are profit soar httpstcoavjlqrxt,65,1,1
iamsamirarora thank yes veri investor zomato ipo even awar risk factor they also ignor low employe quota particip with increas autom curtail india job opportun regul align polici populist direct,194,0,3
thank nejm lawson ung amp lawrenc chodosh work evalu equiti healthcar essentialwork these dispar persist httpstcolinfxoja covid medtwitt blacklivesmatt blacktwitt hispanicheritagemonth asian httpstcoambazgnopr,209,0,3
the sindh cabinet set minimum rs provinc also eas teacher recruit exam polici httpstcoyoklkrzc sindhgovt teacher wage sindhchiefminist muradalishah httpstcoeapoihcujl,166,1,3
the sindh cabinet set minimum rs provinc also eas teacher recruit exam polici httpstcoyoklkrzc sindhgovt teacher wage sindhchiefminist muradalishah httpstcoeapoihcujl,166,1,3
a concret way discuss inflat typic cpi measur look evolut price various categori it strike see educ healthcar hous food price increas outstrip increas past coupl decad httpstcoycwph,181,0,3
thank nejm lawson ung amp lawrenc chodosh work evalu equiti healthcar essentialwork these dispar persist httpstcolinfxoja covid medtwitt blacklivesmatt blacktwitt hispanicheritagemonth asian httpstcoambazgnopr,209,0,3
south african airway saa open dialogu south african cabin crew associ sacca follow picket airline‚Äô kempton park offic sacca picket amongst other alleg unfair work condit cut worker httpstcoedwpoti,196,0,3
south african airway saa open dialogu south african cabin crew associ sacca follow picket airline‚Äô kempton park offic sacca picket amongst other alleg unfair work condit cut worker httpstcoedwpoti,196,0,3
the white hous say biden still believ perhour minimum psaki said biden believ long overdu hes done littl prod congress itbidendemswag,133,0,2
thank nejm lawson ung amp lawrenc chodosh work evalu equiti healthcar essentialwork these dispar persist httpstcolinfxoja covid medtwitt blacklivesmatt blacktwitt hispanicheritagemonth asian httpstcoambazgnopr,209,0,3
thank nejm lawson ung amp lawrenc chodosh work evalu equiti healthcar essentialwork these dispar persist httpstcolinfxoja covid medtwitt blacklivesmatt blacktwitt hispanicheritagemonth asian httpstcoambazgnopr,209,0,3
plan to succeed proverb httpstcoasutefpxbv seekingadvic wagewar httpstcobkjjnilm,80,1,1
good night fam the market get readi massiv take don‚Äôt stray path hold true wagmi wage lazylionsnft ethari wickedboneclub goobersnft httpstcogaljqmlux,149,1,2
good night fam the market get readi massiv take don‚Äôt stray path hold true wagmi wage lazylionsnft ethari wickedboneclub goobersnft httpstcogaljqmlux,149,1,2
join icemillerllp labor amp employ lawyer indianachamb octob indiana wage amp hour law seminar help keep compani complianc hour law inperson virtual option avail regist now httpstcoolrkhqmxin httpstcosetgkyilkm,210,1,3
join icemillerllp labor amp employ lawyer indianachamb octob indiana wage amp hour law seminar help keep compani complianc hour law inperson virtual option avail regist now httpstcoolrkhqmxin httpstcosetgkyilkm,210,1,3
mofcyprus minjusticeci cypruspolic steliospapath lawofficeci savvidesgl auditofficeci omichaelid eucommiss ajiunit jameskleinfeld theanokalavana aattalid michaelpolaklaw echrcedh eucourtpress anastasiadesci nikoletti dradamosadamou averofci gensecakel nicholaspapadop sizopoulo yiorgoslillika theocharous theopemptou govcyprus cypresid disi akel diko edek kisaoffici cyombudsman gperdik cygreen haravginew dialogosci sfairika politisnew ststefanou emilianidou minlabourci petridesc nourisnico zetaemilianidou peogensec cyprusmail cnainenglish for kind attent action presid cyprus parliamentarian hous repres hor annitademetriou i dont understand logic behind charg social secur foreign without benefit refund this noth simpli theft,731,0,4
zetaemilianidou minlabourci how wrong charg social insur contribut foreign employe pocket cyprus govern profit politician famili without benefit refund foreign employe enoughisenough theft name state polici govcyprus,216,0,3
govt monet debt awaythey tri increas min order get inflat abl tax higher keep interest rate low further will peopl lose social program higher even though higher,160,0,2
mofcyprus minjusticeci cypruspolic steliospapath lawofficeci savvidesgl auditofficeci omichaelid eucommiss ajiunit jameskleinfeld theanokalavana aattalid michaelpolaklaw echrcedh eucourtpress anastasiadesci nikoletti dradamosadamou averofci gensecakel nicholaspapadop sizopoulo yiorgoslillika theocharous theopemptou govcyprus cypresid disi akel diko edek kisaoffici cyombudsman gperdik cygreen haravginew dialogosci sfairika politisnew ststefanou emilianidou minlabourci petridesc nourisnico zetaemilianidou peogensec cyprusmail cnainenglish for kind attent action presid cyprus parliamentarian hous repres hor annitademetriou i dont understand logic behind charg social secur foreign without benefit refund this noth simpli theft,731,0,4
joebiden visionüá∫üá∏httpstcocapuhjbgv jobsampeconomicrecoverya decent least h‚Ä¶univers paid sick day wks paid famili amp medic leav paidleav taxwealthwork multinationalcorpor infrastructureampcleanenergi tr invest blacklatino sander httpstcopatmcrlf,245,0,4
the fed way behind inflat curv year amp count i guess powel time deal person portfolio requir full attent economi growth stock jay portfolioday wage employ job job busi httpstcosdiidjfyd,186,1,3
in septemb averag gross salari eterpris sector poland higher yoy amount pln httpstcoqygxcdm statisticspoland statist salari enterpris labourmarket httpstcobmakmobelx,165,0,3
good night fam the market get readi massiv take don‚Äôt stray path hold true wagmi wage lazylionsnft ethari wickedboneclub goobersnft httpstcogaljqmlux,149,1,2
ai is how long free float wage purg power disciplin has been dead in the usa that mean everi usa surviv institut is now corrupt to the core in my view onli repeal wage law can stop this runaway train to doomsday gt httpstcocmoseik httpstcoblzqmk,245,1,4
in whywehatechurchfolk jehovahswit job employ livingwag wwhcf lilbabi moneybaggyo wit missiontrip missionari kingdomhal httpstcoglpphil,135,0,2
more workersright advocaci lowincom immigr worker pleas state found molina paid averag week violat overtim law rule piecer worker earn least state‚Äô hour minimum httpstcoogvegkt,176,0,3
stop stalk harass us when cheap don‚Äôt want pay us live,54,1,1
q earn start week alreadi good start sampp report show increas earn beaten estim main focus supplychain issu increas anticip fewer upsid surpris wdyt httpstcocfnvqcpn,166,0,3
dod modern strategi üîò nato expand focus counter rise china httpstcoizunqlpxhu üîò us repres half global defens spend cybersecur espionag nationalsecur ip tech china manufactur job tradewar gdp innov httpstcogsafkqhz httpstcoayeqg,227,0,3
dod modern strategi üîò nato expand focus counter rise china httpstcoizunqlpxhu üîò us repres half global defens spend cybersecur espionag nationalsecur ip tech china manufactur job tradewar gdp innov httpstcogsafkqhz httpstcoayeqg,227,0,3
wage hour complianc made easi ensur staff paid full time everi time track rest period meal period overtim etc learn blog httpstcoimkhzbaf httpstcovuphup,152,1,2
sevgitoplumuicinbirmesajdabend cybersecur espionag nationalsecur ip tech china manufactur job tradewar gdp innov httpstcoewudmwmtt,130,0,2
congratul dawn staley basketbal coach univers south carolina just receiv histor million contract extens a huge statement for all women httpstconsmju basketbal women coach salari employ univers athlet sport,205,0,3
scotnat georgekerevan whole edinburgh economi low major inequ sustain live experi httpstcovioucfzz,98,0,2
save report increas informalis employ includ childlabour worker paid piec rate instead regular,94,0,2
hospit sister health system rais minimum hour employe statewid muniland munimumwag hospit dpcdata httpstcothvejfx,113,0,2
